Phase,Step,Checklist Item,Status,Priority,Owner,Notes,Framework Mapping,Compliance
Strategic Planning,Security Strategy,Security strategy document created,Not Started,Critical,PAL,Comprehensive security strategy aligned with business objectives,NIST COBIT,All
Strategic Planning,Security Strategy,Strategic objectives defined,Not Started,Critical,PAL,Clear security objectives with measurable outcomes,NIST COBIT,All
Strategic Planning,Security Strategy,Security roadmap developed,Not Started,High,PAL,3-5 year strategic roadmap with milestones,NIST COBIT,All
Strategic Planning,Security Strategy,Resource requirements identified,Not Started,High,PAL,Budget and resource allocation planning,NIST COBIT,All
Strategic Planning,Security Strategy,Stakeholder engagement plan,Not Started,High,PAL,Communication and engagement strategy,NIST COBIT,All
Strategic Planning,Program Maturity,Current maturity assessment completed,Not Started,Critical,PAL,Baseline program maturity evaluation,OWASP SAMM,All
Strategic Planning,Program Maturity,Maturity gaps identified,Not Started,High,PAL,Gap analysis and improvement opportunities,OWASP SAMM,All
Strategic Planning,Program Maturity,Improvement roadmap created,Not Started,High,PAL,Program maturity improvement plan,OWASP SAMM,All
Strategic Planning,Program Maturity,Benchmarking completed,Not Started,Medium,PAL,Industry benchmark comparison,OWASP SAMM,All
Strategic Planning,Risk Management,Enterprise risk assessment completed,Not Started,Critical,PAL,Comprehensive risk assessment and analysis,NIST,All
Strategic Planning,Risk Management,Risk mitigation strategies defined,Not Started,High,PAL,Risk mitigation and control strategies,NIST,All
Strategic Planning,Risk Management,Risk monitoring plan established,Not Started,High,PAL,Continuous risk monitoring and assessment,NIST,All
Strategic Planning,Risk Management,Risk reporting framework,Not Started,Medium,PAL,Executive risk reporting and communication,NIST,All
Program Management,Team Leadership,Security team structure defined,Not Started,Critical,PAL,Team organization and reporting structure,All,All
Program Management,Team Leadership,Team roles and responsibilities,Not Started,High,PAL,Clear role definitions and responsibilities,All,All
Program Management,Team Leadership,Team development plan,Not Started,High,PAL,Team growth and development strategy,All,All
Program Management,Team Leadership,Performance management system,Not Started,High,PAL,Team performance evaluation and management,All,All
Program Management,Team Leadership,Succession planning,Not Started,Medium,PAL,Team succession and continuity planning,All,All
Program Management,Stakeholder Management,Stakeholder mapping completed,Not Started,Critical,PAL,Key stakeholder identification and analysis,All,All
Program Management,Stakeholder Management,Communication strategy developed,Not Started,High,PAL,Stakeholder communication and engagement plan,All,All
Program Management,Stakeholder Management,Regular engagement schedule,Not Started,High,PAL,Scheduled stakeholder meetings and updates,All,All
Program Management,Stakeholder Management,Feedback mechanisms,Not Started,Medium,PAL,Stakeholder feedback collection and analysis,All,All
Program Management,Program Implementation,Security processes defined,Not Started,Critical,PAL,Comprehensive security process documentation,All,All
Program Management,Program Implementation,Process workflows documented,Not Started,High,PAL,Detailed process workflows and procedures,All,All
Program Management,Program Implementation,Quality gates established,Not Started,High,PAL,Process quality control and validation,All,All
Program Management,Program Implementation,Process automation,Not Started,Medium,PAL,Process automation and efficiency improvements,All,All
Program Management,Program Implementation,Process monitoring,Not Started,Medium,PAL,Process performance monitoring and optimization,All,All
Technology Management,Technology Strategy,Technology roadmap developed,Not Started,Critical,PAL,Strategic technology planning and roadmap,All,All
Technology Management,Technology Strategy,Technology evaluation framework,Not Started,High,PAL,Technology assessment and selection criteria,All,All
Technology Management,Technology Strategy,Technology implementation plan,Not Started,High,PAL,Technology deployment and integration strategy,All,All
Technology Management,Technology Strategy,Technology lifecycle management,Not Started,Medium,PAL,Technology lifecycle and refresh planning,All,All
Technology Management,Vendor Management,Vendor evaluation framework,Not Started,Critical,PAL,Vendor assessment and selection criteria,All,All
Technology Management,Vendor Management,Vendor relationship management,Not Started,High,PAL,Vendor relationship and partnership management,All,All
Technology Management,Vendor Management,Vendor performance monitoring,Not Started,High,PAL,Vendor performance evaluation and management,All,All
Technology Management,Vendor Management,Vendor risk assessment,Not Started,Medium,PAL,Vendor risk evaluation and mitigation,All,All
Technology Management,Vendor Management,Vendor contract management,Not Started,Medium,PAL,Vendor contract negotiation and management,All,All
Training & Development,Training Strategy,Training needs assessment,Not Started,Critical,PAL,Comprehensive training needs analysis,All,All
Training & Development,Training Strategy,Training curriculum development,Not Started,High,PAL,Security training curriculum and content,All,All
Training & Development,Training Strategy,Training delivery methods,Not Started,High,PAL,Training delivery and engagement strategies,All,All
Training & Development,Training Strategy,Training effectiveness measurement,Not Started,Medium,PAL,Training impact and effectiveness assessment,All,All
Training & Development,Training Strategy,Continuous learning program,Not Started,Medium,PAL,Ongoing learning and development initiatives,All,All
Training & Development,Security Awareness,Security awareness program,Not Started,Critical,PAL,Organization-wide security awareness program,All,All
Training & Development,Security Awareness,Awareness metrics and tracking,Not Started,High,PAL,Security awareness measurement and reporting,All,All
Training & Development,Security Awareness,Awareness content development,Not Started,High,PAL,Security awareness content and materials,All,All
Training & Development,Security Awareness,Awareness campaign management,Not Started,Medium,PAL,Security awareness campaign execution,All,All
Training & Development,Security Awareness,Awareness effectiveness evaluation,Not Started,Medium,PAL,Security awareness impact assessment,All,All
Performance Management,Metrics & KPIs,Performance metrics defined,Not Started,Critical,PAL,Comprehensive performance measurement framework,All,All
Performance Management,Metrics & KPIs,Performance dashboard created,Not Started,High,PAL,Executive performance dashboard and reporting,All,All
Performance Management,Metrics & KPIs,Performance monitoring system,Not Started,High,PAL,Performance tracking and analysis system,All,All
Performance Management,Metrics & KPIs,Performance reporting,Not Started,Medium,PAL,Regular performance reporting and communication,All,All
Performance Management,Metrics & KPIs,Performance improvement actions,Not Started,Medium,PAL,Performance improvement initiatives and actions,All,All
Performance Management,Program Evaluation,Program effectiveness assessment,Not Started,Critical,PAL,Comprehensive program effectiveness evaluation,All,All
Performance Management,Program Evaluation,Program impact analysis,Not Started,High,PAL,Program business impact and value analysis,All,All
Performance Management,Program Evaluation,Program optimization,Not Started,High,PAL,Program optimization and improvement initiatives,All,All
Performance Management,Program Evaluation,Program evolution planning,Not Started,Medium,PAL,Program evolution and strategic development,All,All
Performance Management,Program Evaluation,Program benchmarking,Not Started,Medium,PAL,Industry benchmarking and comparison,All,All
Compliance & Governance,Regulatory Compliance,Compliance framework established,Not Started,Critical,PAL,Comprehensive regulatory compliance framework,All,GDPR HIPAA SOX PCI DSS SOC2
Compliance & Governance,Regulatory Compliance,Compliance monitoring system,Not Started,High,PAL,Continuous compliance monitoring and assessment,All,GDPR HIPAA SOX PCI DSS SOC2
Compliance & Governance,Regulatory Compliance,Compliance reporting,Not Started,High,PAL,Regular compliance reporting and communication,All,GDPR HIPAA SOX PCI DSS SOC2
Compliance & Governance,Regulatory Compliance,Compliance training,Not Started,Medium,PAL,Compliance training and awareness program,All,GDPR HIPAA SOX PCI DSS SOC2
Compliance & Governance,Regulatory Compliance,Compliance audit preparation,Not Started,Medium,PAL,Audit preparation and documentation,All,GDPR HIPAA SOX PCI DSS SOC2
Compliance & Governance,Governance Framework,Governance structure established,Not Started,Critical,PAL,Comprehensive governance framework and structure,All,All
Compliance & Governance,Governance Framework,Governance policies and procedures,Not Started,High,PAL,Governance policies and operational procedures,All,All
Compliance & Governance,Governance Framework,Governance monitoring,Not Started,High,PAL,Governance monitoring and oversight,All,All
Compliance & Governance,Governance Framework,Governance reporting,Not Started,Medium,PAL,Governance reporting and communication,All,All
Compliance & Governance,Governance Framework,Governance improvement,Not Started,Medium,PAL,Governance optimization and improvement,All,All
Crisis Management,Incident Response,Incident response plan,Not Started,Critical,PAL,Comprehensive incident response procedures,All,All
Crisis Management,Incident Response,Crisis communication plan,Not Started,High,PAL,Crisis communication and stakeholder management,All,All
Crisis Management,Incident Response,Crisis management team,Not Started,High,PAL,Crisis management team and responsibilities,All,All
Crisis Management,Incident Response,Crisis recovery procedures,Not Started,Medium,PAL,Crisis recovery and business continuity,All,All
Crisis Management,Incident Response,Crisis lessons learned,Not Started,Medium,PAL,Post-crisis review and improvement,All,All
Crisis Management,Business Continuity,Business continuity plan,Not Started,Critical,PAL,Comprehensive business continuity planning,All,All
Crisis Management,Business Continuity,Disaster recovery plan,Not Started,High,PAL,Disaster recovery and restoration procedures,All,All
Crisis Management,Business Continuity,Continuity testing,Not Started,High,PAL,Regular business continuity testing,All,All
Crisis Management,Business Continuity,Continuity monitoring,Not Started,Medium,PAL,Business continuity monitoring and assessment,All,All
Crisis Management,Business Continuity,Continuity improvement,Not Started,Medium,PAL,Business continuity optimization and improvement,All,All
Innovation & Research,Innovation Strategy,Innovation roadmap,Not Started,Critical,PAL,Strategic innovation planning and roadmap,All,All
Innovation & Research,Innovation Strategy,Innovation framework,Not Started,High,PAL,Innovation management framework and processes,All,All
Innovation & Research,Innovation Strategy,Innovation metrics,Not Started,High,PAL,Innovation measurement and tracking,All,All
Innovation & Research,Innovation Strategy,Innovation culture,Not Started,Medium,PAL,Innovation culture and environment,All,All
Innovation & Research,Innovation Strategy,Innovation partnerships,Not Started,Medium,PAL,Innovation partnerships and collaboration,All,All
Innovation & Research,Research & Development,Research program,Not Started,Critical,PAL,Strategic research and development program,All,All
Innovation & Research,Research & Development,Research partnerships,Not Started,High,PAL,Research collaboration and partnerships,All,All
Innovation & Research,Research & Development,Research outcomes,Not Started,High,PAL,Research results and impact measurement,All,All
Innovation & Research,Research & Development,Research funding,Not Started,Medium,PAL,Research funding and resource allocation,All,All
Innovation & Research,Research & Development,Research publication,Not Started,Medium,PAL,Research publication and knowledge sharing,All,All
Executive Leadership,Executive Communication,Executive reporting framework,Not Started,Critical,PAL,Comprehensive executive reporting and communication,All,All
Executive Leadership,Executive Communication,Board reporting,Not Started,High,PAL,Board of directors reporting and communication,All,All
Executive Leadership,Executive Communication,Executive briefings,Not Started,High,PAL,Executive briefing and presentation framework,All,All
Executive Leadership,Executive Communication,Executive dashboards,Not Started,Medium,PAL,Executive dashboard and reporting tools,All,All
Executive Leadership,Executive Communication,Executive feedback,Not Started,Medium,PAL,Executive feedback and communication,All,All
Executive Leadership,Strategic Planning,Strategic planning process,Not Started,Critical,PAL,Comprehensive strategic planning methodology,All,All
Executive Leadership,Strategic Planning,Strategic decision making,Not Started,High,PAL,Strategic decision making framework,All,All
Executive Leadership,Strategic Planning,Strategic monitoring,Not Started,High,PAL,Strategic plan monitoring and assessment,All,All
Executive Leadership,Strategic Planning,Strategic evolution,Not Started,Medium,PAL,Strategic plan evolution and development,All,All
Executive Leadership,Strategic Planning,Strategic communication,Not Started,Medium,PAL,Strategic plan communication and engagement,All,All
