Task,Description,Priority,Status,Owner,Timeline,OWASP Mapping,Compliance,Notes
DFIR Strategy Development,Develop comprehensive DFIR strategy,High,Not Started,PDA,30 days,N/A,NIST CSF,Define DFIR goals and capabilities
Digital Forensics Design,Design digital forensics analysis capabilities,High,Not Started,PDA,45 days,N/A,NIST CSF,Define forensic procedures and tools
Incident Response Planning,Develop incident response procedures,High,Not Started,PDA,30 days,N/A,NIST CSF,Create response procedures and roles
Evidence Collection Planning,Plan evidence collection and preservation,High,Not Started,PDA,45 days,N/A,NIST CSF,Define collection procedures and chain of custody
Investigation Planning,Plan security investigation procedures,High,Not Started,PDA,45 days,N/A,NIST CSF,Define investigation procedures and analysis methods
Digital Forensics Implementation,Implement digital forensics capabilities,High,Not Started,PDA,90 days,N/A,NIST CSF,Deploy and test forensic tools and procedures
Incident Response Implementation,Implement incident response procedures,High,Not Started,PDA,75 days,N/A,NIST CSF,Deploy and test response procedures and communication
Evidence Collection Implementation,Implement evidence collection procedures,High,Not Started,PDA,90 days,N/A,NIST CSF,Deploy and test collection procedures and preservation
Investigation Implementation,Implement investigation procedures,High,Not Started,PDA,90 days,N/A,NIST CSF,Deploy and test investigation procedures and analysis
Digital Forensics Operations,Operate digital forensics capabilities,Medium,Not Started,PDA,Ongoing,N/A,NIST CSF,Monitor digital forensics performance
Incident Response Operations,Operate incident response procedures,Medium,Not Started,PDA,Ongoing,N/A,NIST CSF,Monitor incident response performance
Evidence Collection Operations,Operate evidence collection procedures,Medium,Not Started,PDA,Ongoing,N/A,NIST CSF,Monitor evidence collection performance
Investigation Operations,Operate investigation procedures,Medium,Not Started,PDA,Ongoing,N/A,NIST CSF,Monitor investigation performance
Digital Forensics Analysis,Analyze digital forensics findings,Medium,Not Started,PDA,Ongoing,N/A,NIST CSF,Analyze and optimize digital forensics capabilities
Incident Response Analysis,Analyze incident response effectiveness,Medium,Not Started,PDA,Ongoing,N/A,NIST CSF,Analyze and optimize incident response procedures
Evidence Collection Analysis,Analyze evidence collection effectiveness,Medium,Not Started,PDA,Ongoing,N/A,NIST CSF,Analyze and optimize evidence collection procedures
Investigation Analysis,Analyze investigation effectiveness,Medium,Not Started,PDA,Ongoing,N/A,NIST CSF,Analyze and optimize investigation procedures
Digital Forensics Optimization,Optimize digital forensics capabilities,Medium,Not Started,PDA,90 days,N/A,NIST CSF,Improve digital forensics efficiency and effectiveness
Incident Response Enhancement,Enhance incident response capabilities,Medium,Not Started,PDA,90 days,N/A,NIST CSF,Improve incident response capabilities
Evidence Collection Enhancement,Enhance evidence collection capabilities,Medium,Not Started,PDA,90 days,N/A,NIST CSF,Improve evidence collection capabilities
DFIR Program Assessment,Assess DFIR program effectiveness,Medium,Not Started,PDA,180 days,N/A,NIST CSF,Evaluate DFIR program effectiveness

